{
    "version": "2.0",
    "logging": {
        "applicationInsights": {
            "samplingSettings": {
                "isEnabled": true,
                "excludedTypes": "Request"
            }
        }
    },
    "extensionBundle": {
        "id": "Microsoft.Azure.Functions.ExtensionBundle",
        "version": "[1.*, 2.0.0)"
    },
    "extensions": {
        "http": {
            "routePrefix": ""
        },
        "durableTask": {
            "maxConcurrentActivityFunctions": 10,
            "maxConcurrentOrchestratorFunctions": 10
        }
    }
}